/*-----Idler
sanatci id= 100
solo id=200
album id=300
grup id=400
sarki id=600-800
degerlendirme id=500
*/

/* Grup sanatcilari eklenir */
INSERT INTO SANATCI VALUES ('101','THE BEATLES');
INSERT INTO SANATCI VALUES ('102','GUNS N ROSES');
INSERT INTO SANATCI VALUES ('103','TAME IMPALA');
INSERT INTO SANATCI VALUES ('104','LED ZEPPELIN');
INSERT INTO SANATCI VALUES ('105','JOJI');
INSERT INTO SANATCI VALUES ('106','DREAM THEATER');
INSERT INTO SANATCI VALUES ('107','DAFT PUNK');
INSERT INTO SANATCI VALUES ('108','RAMMSTEIN');
INSERT INTO SANATCI VALUES ('109','METALLICA');
INSERT INTO SANATCI VALUES ('110','LOGIC');
INSERT INTO SANATCI VALUES ('111','PINK FLOYD');
INSERT INTO SANATCI VALUES ('112','THE STROKES');
INSERT INTO SANATCI VALUES ('113','THE SMITHS');
/* Solo sanatcilar eklenir */
INSERT INTO SANATCI VALUES ('114','MICHAEL JACKSON');



/* Grup uyeleri solo sanatci olarak eklenir */
/* BEATLES */
INSERT INTO SANATCI VALUES ('115','John Lennon');
INSERT INTO SANATCI VALUES ('116','Pete Best');
/*GUNS ROSES */
INSERT INTO SANATCI VALUES ('117','Axl Rose');
INSERT INTO SANATCI VALUES ('118','Slash');
/*TAME IMPALA */
INSERT INTO SANATCI VALUES ('119','Kevin Parker');
INSERT INTO SANATCI VALUES ('120','Jay Watson');
/*LED ZEPPELIN */
INSERT INTO SANATCI VALUES ('121','Robert Plant');
INSERT INTO SANATCI VALUES ('122','Jimmy Page');
/*DREAM THEATER */
INSERT INTO SANATCI VALUES ('123','Mike Portnoy');
INSERT INTO SANATCI VALUES ('124','John Petrucci');
/*DAFT PUNK */
INSERT INTO SANATCI VALUES ('125','Guy Manuel');
INSERT INTO SANATCI VALUES ('126','Thomas Bangalter');
/*RAMMSTEIN */
INSERT INTO SANATCI VALUES ('127','Till Lindemann');
INSERT INTO SANATCI VALUES ('128','Richard Kruspe');
/*METALLICA */
INSERT INTO SANATCI VALUES ('129','James Hetfield');
INSERT INTO SANATCI VALUES ('130','Lars Ulrich');
/*PINK FLOYD */
INSERT INTO SANATCI VALUES ('131','David Gilmour');
INSERT INTO SANATCI VALUES ('132','Roger Waters');
/*THE STROKES */
INSERT INTO SANATCI VALUES ('133','Julian Casablancas');
INSERT INTO SANATCI VALUES ('134','Nick Valensi');
/*THE SMITHS */
INSERT INTO SANATCI VALUES ('135','Morrisey');
INSERT INTO SANATCI VALUES ('136','Mike Joyce');



/* Gruplar eklenir */
INSERT INTO GRUP VALUES ('101','401','1960');
INSERT INTO GRUP VALUES ('102','402','1985');
INSERT INTO GRUP VALUES ('103','403','2007');
INSERT INTO GRUP VALUES ('104','404','1968');
INSERT INTO GRUP VALUES ('106','405','1990');
INSERT INTO GRUP VALUES ('107','406','1993');
INSERT INTO GRUP VALUES ('108','407','1994');
INSERT INTO GRUP VALUES ('109','408','1981');
INSERT INTO GRUP VALUES ('111','409','1965');
INSERT INTO GRUP VALUES ('112','410','2001');
INSERT INTO GRUP VALUES ('113','411','1982');



/* Grup uyesi olmayan Sololar eklenir */
INSERT INTO SOLO VALUES ('105','201',29,'1992','M');
INSERT INTO SOLO VALUES ('110','202',32,'1990','M');
INSERT INTO SOLO VALUES ('114','203',50,'1958','M');



/* Grup uyesi olan Sololar eklenir */
INSERT INTO SOLO VALUES ('115','204',32,'1990','M');
INSERT INTO SOLO VALUES ('116','205',62,'1960','M');
INSERT INTO SOLO VALUES ('117','206',32,'1990','M');
INSERT INTO SOLO VALUES ('118','207',62,'1960','M');
INSERT INTO SOLO VALUES ('119','208',32,'1990','M');
INSERT INTO SOLO VALUES ('120','209',62,'1960','M');
INSERT INTO SOLO VALUES ('121','210',32,'1990','M');
INSERT INTO SOLO VALUES ('122','211',62,'1960','M');
INSERT INTO SOLO VALUES ('123','212',32,'1990','M');
INSERT INTO SOLO VALUES ('124','213',62,'1960','M');
INSERT INTO SOLO VALUES ('125','214',32,'1990','M');
INSERT INTO SOLO VALUES ('126','215',62,'1960','M');
INSERT INTO SOLO VALUES ('127','216',32,'1990','M');
INSERT INTO SOLO VALUES ('128','217',62,'1960','M');
INSERT INTO SOLO VALUES ('129','218',32,'1990','M');
INSERT INTO SOLO VALUES ('130','219',62,'1960','M');
INSERT INTO SOLO VALUES ('131','220',32,'1990','M');
INSERT INTO SOLO VALUES ('132','221',62,'1960','M');
INSERT INTO SOLO VALUES ('133','222',32,'1990','M');
INSERT INTO SOLO VALUES ('134','223',62,'1960','M');
INSERT INTO SOLO VALUES ('135','224',32,'1990','M');
INSERT INTO SOLO VALUES ('136','225',62,'1958','M');



/* Uye iliskisi kurulur */
INSERT INTO UYE VALUES('204','401','Vokal');
INSERT INTO UYE VALUES('205','401','Baterist');
INSERT INTO UYE VALUES('206','402','Gitarist');
INSERT INTO UYE VALUES('207','402','Vokal');
INSERT INTO UYE VALUES('208','403','Baterist');
INSERT INTO UYE VALUES('209','403','Gitarist');
INSERT INTO UYE VALUES('210','404','Vokal');
INSERT INTO UYE VALUES('211','404','Baterist');
INSERT INTO UYE VALUES('212','405','Gitarist');
INSERT INTO UYE VALUES('213','405','Vokal');
INSERT INTO UYE VALUES('214','406','Baterist');
INSERT INTO UYE VALUES('215','406','Gitarist');
INSERT INTO UYE VALUES('216','407','Vokal');
INSERT INTO UYE VALUES('217','407','Baterist');
INSERT INTO UYE VALUES('218','408','Gitarist');
INSERT INTO UYE VALUES('219','408','Vokal');
INSERT INTO UYE VALUES('220','409','Baterist');
INSERT INTO UYE VALUES('221','409','Gitarist');
INSERT INTO UYE VALUES('222','410','Vokal');
INSERT INTO UYE VALUES('223','410','Baterist');
INSERT INTO UYE VALUES('224','411','Gitarist');
INSERT INTO UYE VALUES('225','411','Gitarist');



/* Albumler eklenir */
INSERT INTO ALBUM VALUES('301','ABBEY ROAD','1969','Grammy');
INSERT INTO ALBUM VALUES('302','APPETITE FOR DESTRUCTION','1987','Nominated');
INSERT INTO ALBUM VALUES('303','CURRENTS','2015','Grammy');
INSERT INTO ALBUM VALUES('304','LED ZEPPELIN IV','1971','BRIT');
INSERT INTO ALBUM VALUES('305','NECTAR','2020','Grammy');
INSERT INTO ALBUM VALUES('306','OCTAVARIUM','2005','BRIT');
INSERT INTO ALBUM VALUES('307','RANDOM ACCESS MEMORIES','2013','Grammy');
INSERT INTO ALBUM VALUES('308','REISE REISE','2004','Grammy');
INSERT INTO ALBUM VALUES('309','RIDE THE LIGHTNING','1984','BRIT');
INSERT INTO ALBUM VALUES('310','SUPERMARKET','2019','BRIT');
INSERT INTO ALBUM VALUES('311','THE DARK SIDE OF THE MOON','1973','Grammy');
INSERT INTO ALBUM VALUES('312','THE NEW ABNORMAL','2020','Grammy');
INSERT INTO ALBUM VALUES('313','THE QUEEN IS DEATH','1986','Nominated');
INSERT INTO ALBUM VALUES('314','THE WALL','1979','BRIT');
INSERT INTO ALBUM VALUES('315','THRILLER','1982','BRIT');



/* Sarkilar eklenir */
/* The Beatles */
INSERT INTO SARKI VALUES('600','301','101',4.19,'Come Together','rock');
INSERT INTO SARKI VALUES('601','301','101',1.58,'Something','rock');
INSERT INTO SARKI VALUES('602','301','101',4.19,'Oh Darling','rock');
INSERT INTO SARKI VALUES('603','301','101',1.12,'Because','rock');
INSERT INTO SARKI VALUES('604','301','101',4.02,'Sun King','rock');
INSERT INTO SARKI VALUES('605','301','101',4.19,'Golden Slumbers','rock');
INSERT INTO SARKI VALUES('606','301','101',2.19,'Her Majesty','rock');
INSERT INTO SARKI VALUES('607','301','101',4.21,'Mr Mustars','rock');
INSERT INTO SARKI VALUES('608','301','101',1.19,'I Want You','rock');
INSERT INTO SARKI VALUES('609','301','101',2.12,'The End','rock');
/* APPETITE FOR DESTRUCTION */
INSERT INTO SARKI VALUES('610','302','102',4.19,'Jungle','hard rock');
INSERT INTO SARKI VALUES('611','302','102',1.58,'It Is So Easy','hard rock');
INSERT INTO SARKI VALUES('612','302','102',4.19,'Nightrain','hard rock');
INSERT INTO SARKI VALUES('613','302','102',1.12,'Out Ta Get Me','hard rock');
INSERT INTO SARKI VALUES('614','302','102',4.02,'Mr Brownstone','hard rock');
INSERT INTO SARKI VALUES('615','302','102',4.19,'Paradise City','hard rock');
INSERT INTO SARKI VALUES('616','302','102',2.19,'My Michelle','hard rock');
INSERT INTO SARKI VALUES('617','302','102',4.21,'Think About You','hard rock');
INSERT INTO SARKI VALUES('618','302','102',1.19,'Rocket Queen','hard rock');
INSERT INTO SARKI VALUES('619','302','102',2.12,'Anything Goes','hard rock');
/* CURRENTS */
INSERT INTO SARKI VALUES('620','303','103',4.19,'Let It Happen','Psychedelic rock');
INSERT INTO SARKI VALUES('621','303','103',1.58,'Nangs','Psychedelic rock');
INSERT INTO SARKI VALUES('622','303','103',4.19,'The Moment','Psychedelic rock');
INSERT INTO SARKI VALUES('623','303','103',1.12,'Changing','Psychedelic rock');
INSERT INTO SARKI VALUES('624','303','103',4.02,'Eventually','Psychedelic rock');
INSERT INTO SARKI VALUES('625','303','103',4.19,'Gossip','Psychedelic rock');
INSERT INTO SARKI VALUES('626','303','103',2.19,'Less I Know','Psychedelic rock');
INSERT INTO SARKI VALUES('627','303','103',4.21,'Past Life','Psychedelic rock');
INSERT INTO SARKI VALUES('628','303','103',1.19,'Love Paranoia','Psychedelic rock');
INSERT INTO SARKI VALUES('629','303','103',2.12,'Cause I Am A Man','Psychedelic rock');
/* LED ZEPPELIN */
INSERT INTO SARKI VALUES('630','304','104',3.19,'Black Dog','Rock');
INSERT INTO SARKI VALUES('631','304','104',4.19,'Rock And Roll','Rock');
INSERT INTO SARKI VALUES('632','304','104',1.19,'Evermore','Rock');
INSERT INTO SARKI VALUES('633','304','104',2.19,'California','Rock');
INSERT INTO SARKI VALUES('634','304','104',4.12,'Four','Rock');
INSERT INTO SARKI VALUES('635','304','104',4.39,'Sticks','Rock');
INSERT INTO SARKI VALUES('636','304','104',2.29,'Levee Breaks','Rock');
INSERT INTO SARKI VALUES('637','304','104',1.19,'Misty','Rock');
INSERT INTO SARKI VALUES('638','304','104',4.13,'Mountain','Rock');
INSERT INTO SARKI VALUES('639','304','104',2.21,'Battle','Rock');
/* JOJI */
INSERT INTO SARKI VALUES('640','305','105',1.11,'Ew','Lofi');
INSERT INTO SARKI VALUES('641','305','105',3.11,'Modus','Lofi');
INSERT INTO SARKI VALUES('642','305','105',3.29,'Ew Remix','Lofi');
INSERT INTO SARKI VALUES('643','305','105',4.49,'Tick Tock','Lofi');
INSERT INTO SARKI VALUES('644','305','105',4.15,'Daylight','Lofi');
INSERT INTO SARKI VALUES('645','305','105',2.32,'Upgrade','Lofi');
INSERT INTO SARKI VALUES('646','305','105',2.19,'Gimme Love','Lofi');
INSERT INTO SARKI VALUES('647','305','105',1.14,'Run','Lofi');
INSERT INTO SARKI VALUES('648','305','105',1.23,'Sanctuary','Lofi');
INSERT INTO SARKI VALUES('649','305','105',4.54,'High Hopes','Lofi');
INSERT INTO SARKI VALUES('650','305','105',3.19,'777','Lofi');
INSERT INTO SARKI VALUES('651','305','105',2.13,'Your Man','Lofi');
/* OCTAVARIUM */
INSERT INTO SARKI VALUES('652','306','106',3.19,'The Answer','Rock');
INSERT INTO SARKI VALUES('653','306','106',4.19,'Lies Within','Rock');
INSERT INTO SARKI VALUES('654','306','106',1.19,'These Walls','Rock');
INSERT INTO SARKI VALUES('655','306','106',2.19,'Never','Rock');
INSERT INTO SARKI VALUES('656','306','106',4.12,'Enough','Rock');
INSERT INTO SARKI VALUES('657','306','106',4.39,'Sacrified','Rock');
INSERT INTO SARKI VALUES('658','306','106',2.29,'Sons','Rock');
INSERT INTO SARKI VALUES('659','306','106',1.19,'I Walk','Rock');
INSERT INTO SARKI VALUES('660','306','106',4.13,'Beside','Rock');
INSERT INTO SARKI VALUES('661','306','106',2.21,'You','Rock');
/* RAM */
INSERT INTO SARKI VALUES('662','307','107',3.19,'Give','Punk');
INSERT INTO SARKI VALUES('663','307','107',4.19,'Life','Punk');
INSERT INTO SARKI VALUES('664','307','107',1.19,'Back to Music','Punk');
INSERT INTO SARKI VALUES('665','307','107',2.19,'Beyond','Punk');
INSERT INTO SARKI VALUES('666','307','107',4.12,'Within','Punk');
INSERT INTO SARKI VALUES('667','307','107',4.39,'Touch','Punk');
INSERT INTO SARKI VALUES('668','307','107',2.29,'Moroder','Punk');
INSERT INTO SARKI VALUES('669','307','107',1.19,'Instant','Punk');
INSERT INTO SARKI VALUES('670','307','107',4.13,'Crush','Punk');
INSERT INTO SARKI VALUES('671','307','107',2.21,'Motherboard','Punk');
/* REISE REISE */
INSERT INTO SARKI VALUES('672','308','108',3.19,'Reise Reise','Metal');
INSERT INTO SARKI VALUES('673','308','108',4.19,'Mein Teil','Metal');
INSERT INTO SARKI VALUES('674','308','108',1.19,'Dalai Lama','Metal');
INSERT INTO SARKI VALUES('675','308','108',2.19,'Keine Lust','Metal');
INSERT INTO SARKI VALUES('676','308','108',4.12,'Los','Metal');
INSERT INTO SARKI VALUES('677','308','108',4.39,'Amerika','Metal');
INSERT INTO SARKI VALUES('678','308','108',2.29,'Moskau','Metal');
INSERT INTO SARKI VALUES('679','308','108',1.19,'Morgenstern','Metal');
INSERT INTO SARKI VALUES('680','308','108',4.13,'Stein Um Stein','Metal');
INSERT INTO SARKI VALUES('681','308','108',2.21,'Amour','Metal');
/* RIDE THE LIGHTNING */
INSERT INTO SARKI VALUES('682','309','109',3.19,'Fight Fire','Metal');
INSERT INTO SARKI VALUES('683','309','109',4.19,'For Whom Bell','Metal');
INSERT INTO SARKI VALUES('684','309','109',1.19,'Fade to Black','Metal');
INSERT INTO SARKI VALUES('685','309','109',2.19,'Trapped Under Ice','Metal');
INSERT INTO SARKI VALUES('686','309','109',4.12,'Escape','Metal');
INSERT INTO SARKI VALUES('687','309','109',4.39,'Creeping','Metal');
INSERT INTO SARKI VALUES('688','309','109',2.29,'Death','Metal');
INSERT INTO SARKI VALUES('689','309','109',1.19,'The Call','Metal');
INSERT INTO SARKI VALUES('690','309','109',4.13,'Unforgiven','Metal');
INSERT INTO SARKI VALUES('691','309','109',2.21,'One','Metal');
/* SUPERMARKET */
INSERT INTO SARKI VALUES('692','310','110',3.19,'Bohemian','Rap');
INSERT INTO SARKI VALUES('693','310','110',4.19,'Can I Kick It','Rap');
INSERT INTO SARKI VALUES('694','310','110',1.19,'Time Machine','Rap');
INSERT INTO SARKI VALUES('695','310','110',2.19,'Pretty','Rap');
INSERT INTO SARKI VALUES('696','310','110',4.12,'Young','Rap');
INSERT INTO SARKI VALUES('697','310','110',4.39,'Girl','Rap');
INSERT INTO SARKI VALUES('698','310','110',2.29,'Baby','Rap');
INSERT INTO SARKI VALUES('699','310','110',1.19,'Supermarket','Rap');
INSERT INTO SARKI VALUES('700','310','110',4.13,'Delorean','Rap');
INSERT INTO SARKI VALUES('701','310','110',2.21,'Best Friend','Rap');
/* THE DARK SIDE OF THE MOON */
INSERT INTO SARKI VALUES('702','311','111',3.19,'Speak','Rock');
INSERT INTO SARKI VALUES('703','311','111',4.19,'Breathe','Rock');
INSERT INTO SARKI VALUES('704','311','111',1.19,'Time','Rock');
INSERT INTO SARKI VALUES('705','311','111',2.19,'Money','Rock');
INSERT INTO SARKI VALUES('706','311','111',4.12,'Us','Rock');
INSERT INTO SARKI VALUES('707','311','111',4.39,'Them','Rock');
INSERT INTO SARKI VALUES('708','311','111',2.29,'Eclipse','Rock');
INSERT INTO SARKI VALUES('709','311','111',1.19,'Brain','Rock');
INSERT INTO SARKI VALUES('710','311','111',4.13,'Damage','Rock');
INSERT INTO SARKI VALUES('711','311','111',2.21,'On The Run','Rock');
/* THE NEW ABNORMAL */
INSERT INTO SARKI VALUES('712','312','112',3.19,'Adults','Rock');
INSERT INTO SARKI VALUES('713','312','112',4.19,'Selfless','Rock');
INSERT INTO SARKI VALUES('714','312','112',1.19,'Eternal Summer','Rock');
INSERT INTO SARKI VALUES('715','312','112',2.19,'Bad Decisions','Rock');
INSERT INTO SARKI VALUES('716','312','112',4.12,'Ode','Rock');
INSERT INTO SARKI VALUES('717','312','112',4.39,'Meets Remix','Rock');
INSERT INTO SARKI VALUES('718','312','112',2.29,'Not Same Remix','Rock');
INSERT INTO SARKI VALUES('719','312','112',1.19,'Anymore','Rock');
INSERT INTO SARKI VALUES('720','312','112',4.13,'Sundays','Rock');
INSERT INTO SARKI VALUES('721','312','112',2.21,'Depressing','Rock');
/* THE QUEEN IS DEATH */
INSERT INTO SARKI VALUES('722','313','113',3.19,'Queen','Rock');
INSERT INTO SARKI VALUES('723','313','113',4.19,'I Know','Rock');
INSERT INTO SARKI VALUES('724','313','113',1.19,'Dead','Rock');
INSERT INTO SARKI VALUES('725','313','113',2.19,'There Is A Light that','Rock');
INSERT INTO SARKI VALUES('726','313','113',4.12,'Ode Remix','Rock');
INSERT INTO SARKI VALUES('727','313','113',4.39,'Meets','Rock');
INSERT INTO SARKI VALUES('728','313','113',2.29,'Not Same','Rock');
INSERT INTO SARKI VALUES('729','313','113',1.19,'Some Girls','Rock');
INSERT INTO SARKI VALUES('730','313','113',4.13,'Vicar','Rock');
INSERT INTO SARKI VALUES('731','313','113',2.21,'Bigmouth','Rock');
/* THE WALL */
INSERT INTO SARKI VALUES('732','314','111',3.19,'In the Flesh','Rock');
INSERT INTO SARKI VALUES('733','314','111',4.19,'The Thin Ice','Rock');
INSERT INTO SARKI VALUES('734','314','111',1.19,'Another Brick','Rock');
INSERT INTO SARKI VALUES('735','314','111',2.19,'Mother','Rock');
INSERT INTO SARKI VALUES('736','314','111',4.12,'Goodbye','Rock');
INSERT INTO SARKI VALUES('737','314','111',4.39,'Empty','Rock');
INSERT INTO SARKI VALUES('738','314','111',2.29,'Young Lust','Rock');
INSERT INTO SARKI VALUES('739','314','111',1.19,'One Of My Turns','Rock');
INSERT INTO SARKI VALUES('740','314','111',4.13,'Hey You','Rock');
INSERT INTO SARKI VALUES('741','314','111',2.21,'Vera','Rock');
INSERT INTO SARKI VALUES('742','314','111',1.34,'Comfortably Numb','Rock');
/* THRILLER */
INSERT INTO SARKI VALUES('743','315','114',3.19,'Thriller','Rock');
INSERT INTO SARKI VALUES('744','315','114',4.19,'Beat It','Rock');
INSERT INTO SARKI VALUES('745','315','114',1.19,'Billie Jean','Rock');
INSERT INTO SARKI VALUES('746','315','114',2.19,'Human Nature','Rock');
INSERT INTO SARKI VALUES('747','315','114',4.12,'The Lady In My Life','Rock');
INSERT INTO SARKI VALUES('748','315','114',4.39,'Vincent','Rock');
INSERT INTO SARKI VALUES('749','315','114',2.29,'For All Time','Rock');
INSERT INTO SARKI VALUES('750','315','114',1.19,'Someone In The Dark','Rock');
INSERT INTO SARKI VALUES('751','315','114',4.13,'Carousel','Rock');
INSERT INTO SARKI VALUES('752','315','114',2.21,'Quincy','Rock');
INSERT INTO SARKI VALUES('753','315','114',1.34,'Jones','Rock');



/* Kullanicilar eklenir */
INSERT INTO KULLANICI VALUES ('sevdetd','sevde tugba','devran','sevde@gmail.com','sevde123');
INSERT INTO KULLANICI VALUES ('ays','ayse','sadioglu','ayse@gmail.com','aysesadioglu345');
INSERT INTO KULLANICI VALUES ('dogaylcn','doga','yalcin','doga@gmail.com','doga2000');
INSERT INTO KULLANICI VALUES ('adlerr','alfred','adler','adler@gmail.com','terapi123');
INSERT INTO KULLANICI VALUES ('freud06','sigmund','freud','sigfreud@gmail.com','issue');
INSERT INTO KULLANICI VALUES ('tarikk','tarik','devran','tarik@gmail.com','tarik2007');
INSERT INTO KULLANICI VALUES ('tzmmrt','mert','tozum','tozum@gmail.com','tzmmrt9');
INSERT INTO KULLANICI VALUES ('merts','mert','sahindogan','sahindogan@gmail.com','mert28');
INSERT INTO KULLANICI VALUES ('darth','anakin','skywalker','anakin@gmail.com','ilovelukeleia');
INSERT INTO KULLANICI VALUES ('spacejesus','obi','wan','ben@gmail.com','hellothere');



/* Degerlendirmeler eklenir */
INSERT INTO DEGERLENDIRME VALUES('501','Basarili bir sarki',5,'601','301','sevdetd');
INSERT INTO DEGERLENDIRME VALUES('502','Etkileyici',4,'602','302','adlerr');
INSERT INTO DEGERLENDIRME VALUES('503','Guzel',3,'603','303','darth');
INSERT INTO DEGERLENDIRME VALUES('504','Harika sarki',2,'604','304','freud06');
INSERT INTO DEGERLENDIRME VALUES('505','Cok begenmedim',1,'605','305','spacejesus');
INSERT INTO DEGERLENDIRME VALUES('506','Idare eder',2,'606','306','tzmmrt');
INSERT INTO DEGERLENDIRME VALUES('507','Oldukca guzel',4,'607','307','dogaylcn');
INSERT INTO DEGERLENDIRME VALUES('508','Fena degil',3,'608','308','merts');
INSERT INTO DEGERLENDIRME VALUES('509','Kotu',1,'609','309','tarikk');
INSERT INTO DEGERLENDIRME VALUES('510','Begendim',4,'610','310','ays');
